{"title":"Fix-Grandma-s-House","icon":null,"fields":{"AnswerManager":{"_iteration":{"id":null,"title":"Iteration Number","type":"int32","defaultValue":0,"constraints":{},"section":"Iteration Settings","order":1,"localization":0,"options":{}}}},"assets":{},"sections":[],"preloader":{"fields":{"System.String":{"Playable Name":{"id":"parameter\/preloader\/name","title":"Playable Name","type":"string","defaultValue":[null],"constraints":{},"section":"Preloader","order":1,"localization":0,"options":{}}},"UnityEngine.Color":{"Background Color":{"id":"parameter\/preloader\/color","title":"Background Color","type":"color","defaultValue":[0,0,0,1],"constraints":{},"section":"Preloader","order":2,"localization":0,"options":{}}}},"assets":{"":{"id":"asset\/preloader\/icon","title":"","type":"texture","section":"Preloader","order":0}},"sections":[{"title":"Preloader","order":0,"fixed":1}]},"buildId":"107431cc-1c99-43b6-8c45-866fd4314293"}